title,content ,image,published_at,user_id,category_id
"Cậu bé biết đọc, biết tính từ 18 tháng bây giờ ra sao?","Theo kế hoạch, Minh sẽ có buổi ""đấu"" toán với các học sinh của Trường THPT Lương Thế Vinh. Nhưng do ""trọng tài"" là thầy Văn Như Cương bị ốm nên kế hoạch gác lại.

Trong quá trình tham gia trò chơi truyền hình ""Chinh phục"" dành cho học sinh bậc THCS, Minh đã gây ấn tượng với khán giả bằng cách suy luận nhanh và tốc độ bấm nút siêu tốc"" trả lời các câu hỏi thuộc nhiều lĩnh vực kiến thức khác nhau. Danh hiệu ""quán quân"" năm đầu tiên của chương trình này là một dấu mốc bổ sung vào bộ sưu tập nhiều lần thắng cuộc của Minh trong các kỳ thi về kiến thức từ trước tới nay.",,2023-07-11,46,1
Công bố tuần lễ khoa học công nghệ và lễ trao giải VinFuture mùa thứ 3,"Ngày 28/11, Quỹ VinFuture công bố lịch trình Tuần lễ Khoa học Công nghệ và Lễ trao giải VinFuture 2023.

Diễn ra từ ngày 18-21/12/2023 tại Hà Nội, đây là chuỗi sự kiện tầm vóc quốc tế, hội tụ nhiều tên tuổi kiệt xuất thế giới trong các lĩnh vực trọng yếu như công nghệ bán dẫn, trí tuệ nhân tạo, y học chính xác và hạ tầng giao thông xanh… Đặc biệt, tâm điểm của chuỗi sự kiện là lễ vinh danh các nhà khoa học có thành tựu đột phá, phụng sự cho cuộc sống của hàng triệu người trên trái đất. Năm nay, VinFuture chọn thông điệp “Chung sức toàn cầu”, bao gồm 4 hoạt động chính: Tọa đàm “Khoa học vì cuộc sống”; Chuỗi đối thoại “Khám phá tương lai VinFuture”; Lễ trao giải VinFuture và Chương trình giao lưu cùng chủ nhân giải thưởng VinFuture.

Khởi đầu chuỗi sự kiện là tọa đàm “Khoa học vì cuộc sống”, diễn ra trong hai ngày 18-19/12 với 4 phiên: Công nghệ bán dẫn: Nền tảng của thế giới hiện đại; Thúc đẩy miễn dịch học chính xác để điều trị các bệnh rối loạn tự miễn; Cơ sở hạ tầng bền vững và giao thông xanh; Trí tuệ nhân tạo: Tiềm năng đột phá và thách thức.",,2023-07-12,47,2
"Từ bỏ việc ở công ty nước ngoài, kỹ sư IT 20 năm dạy học trên xe lăn","1 tuổi bị liệt hai chân, lớp 10 mất mẹ, lên lớp 12 mồ côi cha, cuộc đời anh Ngô Nguyễn Anh Vũ trải qua quá nhiều biến cố, mất mát. Vượt qua nghịch cảnh, anh có trong tay tấm bằng của ĐH Bách Khoa Đà Nẵng nhưng cơ duyên đưa anh đến với nghề gieo chữ. Hơn 20 năm qua, anh vẫn miệt mài dạy chữ trên xe lăn, truyền cảm hứng cho nhiều thế hệ học trò.

'Đã có lúc tôi muốn buông xuôi...'

Anh Vũ, sinh năm 1982, trú tại Bàu Trảng 7 (quận Thanh Khê, Đà Nẵng) trong gia đình nghèo, có 6 anh chị em. Năm 1 tuổi, sau một trận sốt cao co giật khiến đôi chân của anh bị liệt, không thể đi lại được. Từ đó, cuộc đời anh gắn liền với chiếc xe lăn. Anh Vũ nói có lẽ do bị liệt từ nhỏ nên anh đã tập làm quen với cuộc sống khi không có đôi chân. Đổi lại, anh may mắn khi có gia đình, bạn bè luôn giúp đỡ. Ba mẹ, bạn bè chính là đôi chân của anh, hằng ngày cõng, đưa đón anh tới trường. Chính vì thế đối với anh, quãng đời học sinh có rất nhiều kỷ niệm đẹp, chưa từng một lần anh nghĩ đến chuyện nghỉ học. Trong suốt nhiều năm liền anh đều là học sinh giỏi, là tấm gương sáng về nghị lực vươn lên số phận.

Ba là người đã truyền cho anh động lực để cố gắng, vươn lên trong cuộc sống. Năm Anh Vũ học lớp 10, mẹ anh mắc bệnh nặng không qua khỏi. Một mình ba lăn lộn nuôi 6 người con ăn học. Anh Vũ kể, hằng ngày anh chứng kiến cảnh ba vất vả lao động kiếm tiền, thậm chí có lúc bị người ta đến đòi nợ, anh đã rất thương ba.

“Lúc đó tôi chỉ biết cố gắng học hành, chỉ có học mới có thể thay đổi được cuộc sống, sau này ra trường có thể bù đắp cho ba. Tôi nhớ năm đó, khi đang học kỳ II năm lớp 12, ba tôi bị tai biến. Khi tôi đang học, thấy ba ngã ra sàn nhà. Mọi người đưa ba đi bệnh viện. Tôi vẫn chỉ nghĩ ba bị bệnh đi viện bình thường thôi nhưng chiều ngày hôm sau, anh trai gọi tôi vào phòng nói ba mất rồi.

Đó là cú sốc lớn nhất đối với tôi. Đã có lúc tôi muốn buông xuôi nhưng rồi cũng phải cố gắng mạnh mẽ, vươn lên vì lời hứa chưa thực hiện được với ba. Suốt một thời gian dài tôi bị ám ảnh, đêm nào tôi cũng mơ thấy ba”, anh Vũ tâm sự.",,2023-07-13,48,3
Tiến sĩ bằng giả qua mặt nhiều đại học: 'Đừng tưởng cái gì lấp lánh đều là vàng',"Những ngày qua, dư luận xôn xao việc ông Nguyễn Trường Hải dùng bằng tiến sĩ giả làm giảng viên thỉnh giảng của nhiều trường đại học, thậm chí suýt trở thành trưởng khoa của Trường CĐ Công Thương. Khi Trường CĐ Công Thương xác minh văn bằng của ông Hải để bổ nhiệm, việc dùng bằng tiến sĩ giả của ông này mới bị khui ra.

Nắm bắt xu hướng ngành hot đang thiếu giảng viên, bằng tiến sĩ giả của ông Hải ghi hẳn hoi ngành Khoa học máy tính, Trường ĐH Khoa học Tự nhiên, ĐH Quốc gia TP.HCM. Năm được cấp bằng 2022. Khoa học máy tính một ngành đang rất hot và rất cần nhân lực có trình độ cao hiện nay. Nhưng thực tế, Trường ĐH Khoa học Tự nhiên, ĐH Quốc gia TP.HCM không cấp văn bằng này cho ông Hải. Ông Hải cũng không là nghiên cứu sinh của trường này.

Điều đáng ngạc nhiên là không chỉ “suýt” trở thành trưởng khoa, ông Hải đã từng làm giảng viên thỉnh giảng tại nhiều trường đại học, trong đó, có cả trường công và trường tư khá nổi tiếng. Câu hỏi đặt ra, tại sao một người dùng bằng tiến sĩ giả lại có thể qua mặt được nhiều đơn vị tuyển dụng của nhiều trường đại học?

Theo TS Lê Đông Phương, Nguyên giám đốc Trung tâm Nghiên cứu Giáo dục đại học, Viện Khoa học giáo dục Việt Nam, có một số lý do khiến ông Hải dùng bằng giả nhưng qua mặt được nhiều trường đại học, cao đẳng. Thứ nhất, vì các trường cụ thể là các đơn vị tuyển dụng, quá tin vào ""công chứng"" nên không thẩm định lại.

Thứ hai, những đơn vị, đặc biệt là các trường cao đẳng nghĩ rằng trình độ tiến sĩ vào dạy cao đẳng thì ""khó có ai dùng bằng giả mà xin đi dạy"". Tuy nhiên theo ông Phương, thực tế hiện nay hệ thống thông tin bằng cấp không minh bạch và thủ tục thẩm tra phức tạp, chưa số hóa nhiều gây khó cho các đơn vị tuyển dụng.

",,2023-07-14,49,4
"Hành trình trở thành giáo sư tại Mỹ của chàng trai xứ Nghệ
","Từng tiếc nuối vì chưa chạm tay tới tấm huy chương quốc tế, thêm vài lần “vấp váp” khi học tập tại ĐH Bách khoa, nhưng Nguyễn Trung Quân vẫn không ngừng theo đuổi sự say mê với ngành robot và trở thành giáo sư sau 5 năm tới Mỹ.
Nguyễn Trung Quân (sinh năm 1989) hiện là giáo sư về Robotics tại Đại học Nam California, top 10 về công nghệ trong các trường đại học Mỹ. Nam giảng viên quê Nghệ An đã phải vượt qua sự cạnh tranh khốc liệt giữa rất nhiều ứng viên để được chọn cho vị trí này vào năm 2019. Trước đó, đây từng là ngôi trường từ chối khi anh nộp hồ sơ xin học bổng tiến sĩ.

“Điều này như một cơ duyên nhưng cũng là kết quả của một hành trình dài. Tôi cảm thấy rất may mắn nhưng cũng rất hài lòng về những nỗ lực mình bỏ ra đã mang đến những kết quả ngoài mong đợi”, anh nói.

Con đường tới Mỹ của nam sinh Bách khoa

Trung Quân có niềm đam mê với robot từ khi còn rất nhỏ. Vì thế, anh mê mẩn với việc lắp ráp hoặc tự làm những con robot từ các vật liệu trong nhà. Nhận thấy môn Vật lý có nhiều điều gần với những thứ mình thích, anh lao vào học bằng sự say mê.

Thời điểm học tại lớp chuyên Lý của Trường THPT Chuyên Phan Bội Châu (Nghệ An), Quân đỗ thủ khoa đầu vào với số điểm gần như tuyệt đối và được đánh giá là học sinh xuất sắc nhất của đội tuyển Vật Lý trong nhiều năm liền. Do đó anh đã là niềm hy vọng rất lớn của thầy chủ nhiệm và nhà trường từ khi còn là học sinh lớp 10. Năm lớp 11, anh đi thi và giành giải 3 học sinh giỏi quốc gia. Quân nói, đây cũng là động lực để bản thân đặt hy vọng và quyết tâm sẽ bứt phá vào năm sau.

399925659 1023748218892842 5840014947287933869 n.jpg
Giáo sư Nguyễn Trung Quân
Thế nhưng tại kỳ thi học sinh giỏi quốc gia năm lớp 12, nam sinh vẫn tiếp tục giành giải ba. Điều này khiến Quân bỏ lỡ cơ hội bước vào vòng chọn đội tuyển đi thi quốc tế.

Sau cú vấp này, được gia đình và thầy cô động viên, Quân đã vượt qua cú sốc đầu đời, trưởng thành hơn để đón nhận và vượt qua nhiều thử thách trong cuộc sống và sự nghiệp của anh sau này. “Đó là khó khăn đầu tiên và cũng là bài học lớn khiến tôi thêm trưởng thành. Sau đó, tôi xem thất bại này như là động lực phấn đấu để tiếp tục theo đuổi đam mê và khẳng định bản thân.

Kể từ lần đó, tôi luôn xác định thành công không phải là một đích đến cụ thể nào, mà là một chặng đường liên tục phấn đấu. Tôi cũng luôn biết ơn thầy giáo chủ nhiệm của mình vì luôn tin tưởng và động viên mình dù không đạt được kết quả mong muốn. Điều đó đã giúp tôi lấy lại tự tin và phấn đấu nhiều hơn nữa sau này để không phụ sự tin tưởng của thầy và gia đình”, anh nhớ lại.

Cũng vì yêu thích lĩnh vực Robotics, khi được tuyển thẳng vào đại học, dù gia đình động viên con nên lựa chọn Ngoại thương vì “đó là xu hướng”, nhưng anh vẫn quyết tâm vào ngành Điều khiển Tự động hóa của ĐH Bách khoa Hà Nội, sau đó thi đỗ hệ Kỹ sư tài năng.

adgdgdf.jpg
Giáo sư Quân và gia đình nhỏ
Quãng thời gian học tại ĐH Bách khoa Hà Nội, Quân nói “điểm số không phải thế mạnh của mình”. Thậm chí, anh cũng đôi lần “vấp váp” ở một số môn.

Không đặt nặng vấn đề điểm số, nhưng cảm giác rất hứng thú khi đọc về những điều mình thích và mong muốn phải làm điều gì đó lớn lao đã thôi thúc anh thử bắt tay vào nghiên cứu. Kể từ năm thứ 4, Quân bắt đầu say sưa tìm đọc các tài liệu trong nước và quốc tế liên quan đến robot. Thời điểm này, anh vẫn chưa có ý định đi du học.

“Tôi đơn giản chỉ muốn xem thế giới đang làm gì. Tôi thường không đặt ra mục tiêu cụ thể mình cần phải đạt được cái gì, đi du học ở đâu. Nhưng bản thân luôn muốn phấn đấu, theo đuổi đam mê và khao khát khẳng định bản thân cũng như cống hiến được gì đó lớn lao cho nhân loại.

Từ nhỏ, tôi đã mong muốn tạo ra những con robot có thể đi lại giống người. Sau này khi học lên đại học, tôi mới biết để làm ra được chúng cần phải có nền tảng lý thuyết rất vững vàng về nhiều mảng khác nhau. Vì thế, tôi cứ mày mò từng bước, tìm ra vấn đề và đề xuất hướng nghiên cứu với giáo sư hướng dẫn của mìn”.

Trong khi nhiều sinh viên xem việc làm đồ án như một điều kiện bắt buộc, Quân luôn chủ động tìm hiểu vì luôn cảm thấy thích thú và muốn đào sâu thêm đề tài nghiên cứu của mình. Không ngờ sau 1 năm, Quân cho ra được kết quả nghiên cứu tốt ngoài mong đợi. Bài báo này của anh sau đó được xuất bản trong hội nghị quốc tế về Điều khiển, Tự động hóa và Hệ thống, điều mà anh chưa từng nghĩ đến 1 năm trước đó.

Có cơ hội gặp các tiến sĩ, giáo sư trong cùng lĩnh vực tại hội nghị, như một cú huých, Quân bắt đầu nhen nhóm mong muốn được đi ra bên ngoài thế giới. Sau khi trở về tại Hàn Quốc, anh nghiên cứu để có cái nhìn tổng quan về các trường trong hệ thống Mỹ, đồng thời tìm hiểu về quá trình nộp hồ sơ tiến sĩ.

Bên cạnh đó, anh cũng liệt kê danh sách những ngôi trường tiên phong trong lĩnh vực Robotics mà mình muốn theo đuổi như Đại học Carnegie Mellon, Học viện Công nghệ Massachusetts (MIT), Đại học Nam California…",,2023-07-15,66,5
"Thủ khoa kép tốt nghiệp tiến sĩ, được nhận vào ngân hàng lớn nhất nước Mỹ","Nữ thủ khoa đầu vào và đầu ra của ĐH Đà Nẵng vừa tốt nghiệp tiến sĩ tại Mỹ, được nhận vào ngân hàng lớn nhất ở quốc gia này, dù có 2 năm “loay hoay” tìm hướng đi khác.
Khởi đầu ước mơ du học từ rất sớm nhưng Lê Thị Thu Nguyệt (sinh năm 1995) không lựa chọn tới Mỹ ngay mà ở lại Việt Nam học tập thêm 4 năm. Nhưng với nữ sinh Đà Nẵng, đó đều là quãng thời gian đáng giá. Hơn 6 năm kể từ ngày tốt nghiệp, Nguyệt đã “chạm tay” tới ước mơ hoàn thành chương trình tiến sĩ Toán học ứng dụng tại Mỹ.

“Cha mẹ luôn muốn tôi hạnh phúc với mọi lựa chọn của mình. Đến hiện tại, tôi hài lòng với tất cả, dù hành trình ấy không phải lúc nào cũng màu hồng”, Nguyệt nói.

hinh tot nghiep tien si 3.jpg
Lê Thị Thu Nguyệt vừa hoàn thành chương trình tiến sĩ Toán học ứng dụng ĐH Nam California
Sinh ra trong gia đình có bố là giảng viên ngành Toán tại Trường ĐH Sư phạm, ĐH Đà Nẵng, mẹ là giáo viên dạy Toán tại Trường THCS Phan Đình Phùng, Nguyệt được nuôi dưỡng tình yêu với môn Toán từ rất sớm.

Năm lớp 3, khi tham gia kỳ thi chọn học sinh giỏi, nữ sinh là người duy nhất giải được câu hỏi phân loại và đạt điểm cao nhất trường. Cũng từ ấy, Nguyệt bắt đầu thấy hứng thú đi tìm lời giải cho những bài toán khác nhau.

Xác định sẽ đi du học bằng con đường tự tìm kiếm học bổng, nhưng cảm thấy vẫn “nặng lòng với gia đình”, Nguyệt quyết định ở lại Việt Nam thêm 4 năm trước khi thực hiện giấc mơ Mỹ. Cô chọn học Trường ĐH Sư phạm, ĐH Đà Nẵng để được gần ba mẹ hơn. Năm 2013, Nguyệt trở thành thủ khoa đầu vào của trường với 27 điểm.

Quãng thời học tập ngành Sư phạm Toán, nữ sinh được tiếp xúc nhiều với các kiến thức Toán học, từ đó càng muốn nghiên cứu sâu hơn về lĩnh vực này thay vì con đường giảng dạy. Thu Nguyệt từng có 2 lần đoạt giải Nhất môn Giải tích tại kỳ thi Olympic sinh viên giỏi do ĐH Đà Nẵng tổ chức.

Sang năm 2, Nguyệt bắt đầu chuẩn bị hồ sơ, chứng chỉ để nộp học bổng bậc tiến sĩ tại Mỹ. Có sự chuẩn bị từ sớm, Nguyệt nhanh chóng hoàn thành các chứng chỉ cần thiết như TOEFL, GRE, GRE Math, xin thư giới thiệu từ một số giáo sư tại trường và chuẩn bị bài luận.

Về mặt tài chính, Nguyệt cho biết em gái kém 7 tuổi cũng có ước mơ được du học Mỹ. Vì ba mẹ chỉ có đủ khả năng chi trả cho một người, Nguyệt quyết tâm nhắm đến các học bổng toàn phần để nhường cơ hội cho em gái.

Năm 2017, Nguyệt tốt nghiệp thủ khoa đầu ra của Trường ĐH Sư phạm, ĐH Đà Nẵng với GPA đạt 3.9/4.0. Cùng lúc, nữ sinh nhận tin giành học bổng tiến sĩ toàn phần ngành Toán học của ĐH Indiana, Bloomington, ngôi trường đại học top đầu nước Mỹ.

hinh chup voi em gai.jpg
Nguyệt và em gái
Nửa năm sau, Nguyệt lên đường tới Mỹ với tâm thế háo hức. “Tôi ấn tượng về ngôi trường này thông qua những bức hình trên Internet. Nơi đây có nhiều tòa nhà đẹp, cổ kính, cây cối xanh mướt như trong phim”.

Nhưng khi tới nơi, Nguyệt “sốc” vì mọi thứ không giống như mình tưởng tượng. Bloomington nơi ngôi trường tọa lạc vốn rất lạnh và vắng người. “Để tìm được một vài người Việt cũng rất khó”, cô nhớ lại. Không ít ngày phải đi bộ tới trạm xe bus một mình trong tình trạng ướt nhẹp vì tuyết, Nguyệt càng cảm thấy lạc lõng ở một nơi xa lạ.

Nửa năm đầu, việc học cũng không như kỳ vọng. Mất vài lần thi trượt, học lại để đạt chuẩn đầu vào nghiên cứu sinh, Nguyệt dần cảm thấy stress, khủng hoảng.

Hết mùa đông đầu tiên, cô gái Việt có một chuyến đi tới Los Angeles. Sự náo nhiệt, sôi động tại đây như “cú hích” khiến cô nhen nhóm về ý định chuyển trường.

“Chương trình tiến sĩ tại Indiana kéo dài trong 5 năm, nhưng tôi nghĩ mình không phù hợp nên muốn dừng lại để chuyển sang nghiên cứu mảng Toán ứng dụng”. Thời điểm ấy, Nguyệt vừa hoàn thành xong tấm bằng thạc sĩ Toán học tại ĐH Indiana, Bloomington với GPA đạt 3.9/4.0 và đã đỗ hết các kỳ thi cấp tiến sĩ.

Bắt đầu lại từ việc nộp hồ sơ nhưng Nguyệt cảm thấy vui nhiều hơn tiếc nuối. Cô cũng không thấy hoài phí vì nhờ quãng thời gian này, bản thân cũng tìm ra thế mạnh và đam mê, nhờ vậy được nhiều trường đại học của Mỹ sẵn sàng cấp học bổng tiến sĩ toàn phần. Thu Nguyệt sau đó chọn theo học ĐH Nam California, ngành Toán học ứng dụng.

hinh thuc tap o chase.jpg
Nguyệt có quãng thời gian thực tập tại JP Morgan Chase & Co.
Việc trải qua 2 năm học tập tại Mỹ đem lại cho Nguyệt nhiều thuận lợi. Vì đã học một số môn tương đương, cô được chuyển đổi điểm khi sang ngôi trường mới mà không cần học lại.

Dù tại đây, Nguyệt vẫn cần phải trải qua các kỳ thi, bài kiểm tra năng lực để đủ điều kiện bắt đầu tham gia nghiên cứu, song với kinh nghiệm trước đó, Nguyệt nhanh chóng vượt qua và được nghiên cứu ngay từ năm thứ 2 – điều hầu hết nghiên cứu sinh phải mất tới 2 năm.

“Ở ngôi trường mới, tôi không còn cảm thấy nặng nề và áp lực. Đó cũng là nơi phù hợp mà tôi muốn gắn bó”, Nguyệt nói.

Giữa rất nhiều lĩnh vực, Nguyệt lựa chọn nghiên cứu sâu về Phương trình đạo hàm riêng – vốn được áp dụng nhiều trong ngành Tài chính. Chỉ trong vòng 9 tháng, cô đã hoàn thành bài báo đầu tiên liên quan đến tính duy nhất về mặt định lượng của phương trình Parabol, được ứng dụng trong ngành Điều khiển tự động. Bài báo được đăng tải vào tháng 12 năm ngoái.

Đây cũng là bước “tạo đà” giúp Nguyệt tự tin tiếp tục khám phá những bài toán ứng dụng khác trong phương trình Elip và Parabol.

Đến tháng 10 năm nay, Nguyệt hoàn thành chương trình tiến sĩ Toán học ứng dụng ĐH Nam California, sớm hơn nửa năm so với lộ trình. ",,2023-07-16,67,6
Thạc sĩ 27 tuổi nhận lương 68 tỷ đồng/năm,"TRUNG QUỐC - Hàn Bằng Thành là thạc sĩ kép duy nhất của Viện Công nghệ Massachusetts (MIT). Từ bỏ công việc lương hàng triệu USD/năm về quê khởi nghiệp, ở tuổi 27, thu nhập của anh khoảng 20 triệu NDT/năm (hơn 68 tỷ đồng).
Hàn Bằng Thành (SN 1996) sinh ra ở Vũ Hán, Hồ Bắc (Trung Quốc) là anh cả trong gia đình có em trai kém 14 tuổi. Bố mẹ của anh trước làm trong lĩnh vực kỹ thuật và xây dựng, sau chuyển sang kinh doanh.

Thức tỉnh sau lời chỉ trích của bạn

Hồi nhỏ, anh thường nghe mẹ kể về chú ruột là thủ khoa đại học TP Vũ Hán và đỗ vào Đại học Thanh Hoa. ""Lúc đó, tôi học lớp 1 chưa hiểu chuyện, chỉ nghĩ chú làm được mình cũng làm được. Mẹ tôi nói về thành tích vẻ vang của chú, nhưng không đề cập đến quá trình học"", Hàn Bằng Thành nhớ lại.

Lên cấp 2, trong khi bạn bè tập trung học để chuẩn bị thi cấp 3, anh lại ngày đêm chơi game. ""Bố mẹ biết tôi thích chơi game nhưng không cản, còn đăng ký tài khoản để tôi mua đạo cụ. Sau này, tôi mới nhận ra đây là bài học bố mẹ dạy mình"".

Kết quả kỳ thi cấp 3, anh đỗ Trường Trung học 1 trực thuộc Đại học Sư phạm Hoa Đông, nhưng điểm đứng 'đội sổ' của lớp chọn. Ngày nhập học, Hàn Bằng Thành nhớ lại từng bị các bạn cười nhạo vì điểm thấp nhất lớp: ""Khoảnh khắc này, buộc tôi phải nhận bản thân kém, nếu không mải chơi kết quả đã khác. Bình tĩnh lại, tôi nghĩ cần phải học hành chăm chỉ"".

Nguồn cơn này thôi thúc nam sinh, học nghiêm túc từ lớp 10. Sau 23h, ký túc xá tắt điện, Hàn Bằng Thành ra ban công học. Đến cuối năm, thành tích của nam sinh vươn lên đầu lớp. Với đà này, anh cho rằng nếu không thể vào Đại học Thanh Hoa, vẫn đỗ được Đại học Giao thông Thượng Hải.

Nghỉ hè năm lớp 10, bố mẹ thông báo hết lớp 12 Hàn Bằng Thành đi du học. Khi đó, bạn bè lại chỉ trích anh không đủ năng lực thi đại học nên phải 'chạy' ra nước ngoài. Không bận tâm đàm tiếu xung quanh, nam sinh 'lao đầu' học tiếng Anh: ""Tôi học rất tâm huyết, ngồi ăn cũng cầm theo quyển từ vựng"".

Công sức của Hàn Bằng Thành được đền đáp bằng kết quả đỗ vào khoa Toán của Đại học New York (Mỹ) với TOEFL 112/120, SAT 2260/2400, đạt điểm tuyệt đối SAT II và 5 môn AP (Chương trình xếp lớp nâng cao).

400439098 1078983783455517 1612856253800400756 n 1.png
Hàn Bằng Thành 27 tuổi, thạc sĩ kép duy nhất của Viện Công nghệ Massachusetts (MIT). Ảnh: Baidu
Bắt đầu cuộc sống sinh viên tuổi 18 ở Mỹ, anh sốc văn hóa vì không tìm được sự kết nối với bạn bè. Chủ đề buổi họp lớp, mọi người chỉ đề cập nhà có bao nhiêu tiền. ""Mặc dù điều kiện gia đình tôi khá tốt, nhưng so với các bạn tôi đủ tư cách để nói chuyện. Thời gian đầu, tôi cảm thấy cô đơn và trầm cảm"", nam sinh bộc bạch.

Để giải tỏa tâm trạng, anh quay lại sở thích làm ảo thuật giúp bản thân cân bằng cảm xúc. Ban đầu, anh mời 5-6 bạn thân đến nhà xem. Về sau, có nhiều người biết nên tối thứ 7, khoảng 30-40 khán giả ngồi chờ anh làm ảo thuật. Trong số đó, sau này có người vừa là bạn vừa là đối tác của Hàn Bằng Thành.

23 tuổi thành lập công ty du học trực tuyến

Không cho phép bản thân nới lỏng yêu cầu, ở Mỹ, Hàn Bằng Thành vẫn chăm chỉ học tập. Năm 2018, nam sinh tốt nghiệp loại xuất sắc GPA đạt 3.95/4.00.

Kết quả này, giúp anh nhận được lời mời học thạc sĩ của ĐH Columbia, Cornell và New York. Tuy nhiên, sau khi cân nhắc anh quyết định học thạc sĩ kép tại Viện Công nghệ Massachusetts (MIT) ngành Phân tích Kinh doanh và Tài chính.

377149062 339597858770575 5660363346956391134 n.png
Từ bỏ vị trí Quản lý cấp cao tại tập đoàn hàng đầu Mỹ để về nước lập nghiệp, ở tuổi 27, thu nhập của Hàn Bằng Thành khoảng 20 triệu NDT/năm (hơn 68 tỷ đồng). Ảnh: Baidu
Anh được bạn bè gọi là 'kẻ thu hoạch lời mời' vì sở hữu thành tích nổi bật nên được nhiều đại học danh tiếng chú ý. Sau đó, học sinh cấp 2 bắt đầu tìm đến anh, hỏi cách làm hồ sơ và thủ tục xét tuyển vào trường Mỹ. Vì nhiều người có nhu cầu, Hàn Bằng Thành nảy ra ý tưởng cung cấp dịch vụ tư vấn du học trực tuyến trả phí.

Năm 2019, sau khi đăng tải dịch vụ này lên Tweet, vị khách đầu tiên tìm đến anh. Người này cho biết, tin vào trải nghiệm thực tế của Hàn Bằng Thành: ""Hy vọng, anh có thể giúp tôi đỗ vào ngôi trường danh tiếng"". Đáp lại niềm tin của khách, anh tận tâm hướng dẫn viết từ sơ yếu lý lịch đến cách trả lời phỏng vấn. Kết quả, vị khách đầu tiên của Hàn Bằng Thành đỗ vào MIT.

""Mặc dù phí giao dịch lần đầu thấp, nhưng là cú hích quan trọng giúp tôi thành lập công ty tư vấn và cung cấp dịch du học trực tuyến. Đối tượng khách hàng của tôi, là sinh viên có nguyện vọng đỗ vào đại học danh tiếng ở Anh và Mỹ"".

Nói về khó khăn ban đầu, anh cho biết, đa phần khách hàng chưa hiểu rõ, nhưng lại muốn đốt cháy giai đoạn. Thành lập công ty riêng ở tuổi 23, Hàn Bằng Thành thiếu kinh nghiệm quản lý, mong muốn gia nhập tập đoàn lớn để học hỏi. Năm 2019, tốt nghiệp thạc sĩ anh nộp CV vào các tập đoàn lớn ở Mỹ.

24 tuổi kiếm hàng triệu USD/năm

Là thạc sĩ kép duy nhất của MIT, anh được tập đoàn McKinsey nhận vào vị trí Chuyên gia dữ liệu. Hàn Bằng Thành quyết định dừng chân ở tập đoàn tư vấn lớn nhất thế giới, sở hữu hệ thống quản lý hoàn chỉnh. Đây cũng là thứ anh còn nhiều thiếu sót khi điều hành công ty riêng.

Áp lực công việc lớn, khiến anh cảm thấy ngột ngạt. Năm 2022, sau 3 năm làm việc tại McKinsey, anh rời vị trí Quản lý cấp cao với mức lương hàng triệu USD/năm và chiếc thẻ xanh để về nước lập nghiệp. Gia đình phản đối Hàn Bằng Thành nghỉ việc. Họ cho rằng, anh tốt nghiệp thạc sĩ tại MIT chỉ để điều hành công ty trực tuyến là việc phụ thấp kém. ",,2023-07-17,68,7
"Mời tiến sĩ bằng giả giảng dạy, trường đại học nói gì?","Trường ĐH Sài Gòn cho hay thời điểm mời ông Nguyễn Trường Hải, người dùng bằng tiến sĩ giả, dịch Covid-19 ở TP.HCM phức tạp, nên không thẩm tra hồ sơ.
Liên quan đến việc ông Nguyễn Trường Hải dùng bằng tiến sĩ giả giảng dạy đại học, cao đẳng, trong đó, có thời gian thỉnh giảng tại Trường ĐH Sài Gòn, chiều 27/11, Trường ĐH Sài Gòn đã thông tin về việc này. Theo trường, ông Nguyễn Trường Hải đã từng tham gia giảng dạy 4 môn tại học kỳ 1, năm học 2021 – 2022 (tháng 9/2021 đến tháng 01/2022).

Lúc này, nhằm chuẩn bị cho năm học 2021 – 2022, nhà trường có ban hành công văn về việc lập kế hoạch năm học 2021 – 2022, trong đó, có các bước và yêu cầu cụ thể khi duyệt kế hoạch năm học. Tuy nhiên, tình hình dịch bệnh tại TP.HCM diễn biến phức tạp nên lãnh đạo nhà trường đã có chỉ đạo qua group zalo về thay đổi hình thức duyệt kế hoạch năm học. Trong đó, có nội dung: “Nhà trường không tổ chức họp riêng với cán bộ viên chức của từng khoa/ngành để xét duyệt kế hoạch dạy học, kế hoạch hoạt động tập trung ngoài trường”.

ĐH Sài Gòn.jpeg
Trường ĐH Sài Gòn (Ảnh: Lê Huyền)
Ngày 8/8/2021, nhà trường đã ký chính thức Kế hoạch thỉnh giảng năm học 2021 – 2022 đối với khoa Công nghệ thông tin, trong đó không có tên ông Nguyễn Trường Hải. Tuy nhiên, sau đó giảng viên thỉnh giảng (các môn: Lập trình hướng đối tượng, Xây dựng phần mềm theo mô hình phân lớp, Quản lý dự án phần mềm, Lập trình web và ứng dụng) không thể sắp xếp giảng dạy các học phần trên nên lãnh đạo khoa Công nghệ thông tin liên hệ mời giảng viên thỉnh giảng khác thay thế.

Vào các ngày 12/8 và ngày 15/8, khoa Công nghệ thông tin đã báo cáo về phòng đào tạo về việc cử ông Nguyễn Trường Hải (trình độ thạc sĩ) tham gia giảng dạy các môn đó. Lúc này dịch bệnh phức tạp, thành phố đang áp dụng biện pháp giãn cách xã hội nên các hoạt động chuyển sang hình thực trực tuyến, làm việc tại nhà, phòng Tổ chức cán bộ không thẩm tra hồ sơ của ông Nguyễn Trường Hải đối với đơn vị cấp bằng.

Phía Trường ĐH Sài Gòn cũng cho hay, do trong thời điểm khó khăn mời giảng viên thỉnh giảng, khoa Công nghệ thông tin đã chưa thực hiện đúng quy định của nhà trường: “Trưởng đơn vị mời thỉnh giảng chịu trách nhiệm mời thỉnh giảng là giảng viên các trường công lập, giảng viên có học vị cao: thạc sĩ đối với giảng viên các trường công lập; tiến sĩ trở lên đối với giảng viên các trường ngoài công lập”.

Mặt khác, Trường ĐH Sài Gòn áp dụng dạy và học trực tuyến học kỳ 1 năm học 2021 – 2022 và tổ chức thi kết thúc học phần học kỳ 1 bằng hình thức trực tuyến. Đối với 4 môn ông Nguyễn Trường Hải tham gia giảng dạy có 1 môn ông Hải tham gia chấm thi kết thúc học phần cùng với 1 giảng viên cơ hữu của nhà trường; 3 môn còn lại do 2 giảng viên cơ hữu của nhà trường chấm thi. Ngoài ra, ông Nguyễn Trường Hải không tham gia hướng dẫn và không tham gia hội đồng đánh giá khóa luận tốt nghiệp cho sinh viên của trường.

Trường ĐH Sài Gòn khẳng định, các bài thi kết thúc học phần của sinh viên vẫn được lưu trữ, đảm bảo đáp ứng yêu cầu của bài thi kết thúc học phần theo quy định. Ông Nguyễn Trường Hải không tham gia giảng dạy học kỳ 2 năm học 2021 – 2022 tại Trường ĐH Sài Gòn. Học kỳ 1 năm học 2022 – 2023 (tình hình dịch bệnh tạm ổn) việc duyệt Kế hoạch năm học 2022 – 2023 trở về như cũ, trong các bước chuẩn bị giảng dạy của khoa Công nghệ thông tin trình Ban Giám hiệu phê duyệt có mời ông Nguyễn Trường Hải tham gia giảng dạy 1 môn tại học kỳ 1 (tháng 9/2022 đến tháng 1/2023) với trình độ được cập nhật là tiến sĩ. Trong quá trình giảng dạy, phòng Tổ chức đề nghị bổ sung bản sao bằng cấp, ông Nguyễn Trường Hải không gửi bản sao bằng tiến sĩ và gửi đơn xin thôi thỉnh giảng với lý do “bận việc riêng”.

Đối với Đề án tuyển sinh năm 2023, vì ngành Công nghệ thông tin là ngành đặc thù nên được liệt kê giảng viên thỉnh giảng, bộ phận thực hiện đề án đã sai sót khi chưa xóa tên cá nhân ông Nguyễn Trường Hải trong đề án.",,2023-07-18,69,8
"Vẻ đẹp gây 'sốt' mạng của nữ sinh 16 tuổi vào thẳng đại học, 20 tuổi học tiến sĩ","Truyền thông Trung Quốc xôn xao về một nữ sinh 21 tuổi ở Tây An (Thiểm Tây, Trung Quốc) là nghiên cứu sinh năm 2 tại Viện Khoa học và Kỹ thuật Vật liệu thuộc Đại học Công nghệ Tây An. Vương Hiểu Tuyết cho biết: ""Tôi là nghiên cứu sinh được tuyển thẳng, điều này khiến tôi gặp nhiều áp lực. So với các anh chị và tiền bối đi trước, ít nhiều tôi có phần thiệt thòi vì không được đào tạo qua hệ thạc sĩ"".

Tuy nhiên, nữ sinh vẫn lạc quan bày tỏ áp lực sẽ trở thành động lực để tiếp tục hành trình nghiên cứu khoa học. Trên mạng xã hội, nhiều người để lại bình luận: ""Đúng là con nhà người ta, đã xinh còn giỏi"".

Trong ấn tượng của bạn bè, Vương Hiểu Tuyết trầm tính, ít nói và học rất giỏi. Nữ sinh sở hữu vẻ ngoài trong trẻo, xinh đẹp được ví là 'ngôi sao điện ảnh'. Họ thường đùa, với nhan sắc này Vương Hiểu Tuyết có thể dựa vào ngoại hình để kiếm sống. Nhưng với nữ sinh, con đường đi đến thành công chỉ xuất phát bằng tài năng và sức lực của bản thân.

d4caa6efbaee18a640b60a8b5ef817df.jpeg
Vương Hiểu Tuyết, 21 tuổi, là nghiên cứu sinh năm 2 ngành kỹ thuật tại Đại học Công nghệ Tây An. Ảnh: Sohu
Trước đó, năm 2018, nữ sinh được tuyển thẳng vào Đại học Công nghệ Tây An ngành Công nghệ tạo hình và Điều khiển vật liệu. Bắt đầu cuộc sống sinh viên ở tuổi 16, nhưng nữ sinh không gặp nhiều khó khăn trong quá trình học.

Năm nhất, Vương Hiểu Tuyết đã chú trọng đến điểm số, hầu hết các kỳ thi đều đứng nhất trường. Ngoài ra, nữ sinh cũng tập trung nâng cao chuyên môn, đọc nhiều sách để làm 'giàu' vốn kiến ​​thức của bản thân. Thầy cô trong khoa chia sẻ: ""Điểm các môn của Vương Hiểu Tuyết luôn đứng đầu lớp. Nữ sinh còn nhận được học bổng quốc gia"".

Là con gái nhưng đam mê học kỹ thuật, Vương Hiểu Tuyết nhận thức rõ phía trước phải đối mặt với nhiều thử thách và khó khăn. Do đó, suốt 4 năm, nữ sinh duy trì thói quen thời gian rảnh đến phòng thí nghiệm để nghiên cứu. Với những nỗ lực không ngừng nghỉ, công sức của Vương Hiểu Tuyết được đền đáp xứng đáng.

Tháng 10/2022, nữ sinh tốt nghiệp đại học loại xuất sắc chuyên ngành Công nghệ tạo hình và Điều khiển vật liệu. Ở tuổi 20, cô được đặc cách học thẳng lên tiến sĩ. Trong khi bạn bè đồng trang lứa lo lắng cho kỳ thi tuyển sinh sau đại học hoặc tìm việc làm, Vương Hiểu Tuyết trở thành nghiên cứu sinh trẻ nhất Đại học Công nghệ Tây An.

Thông tin này thu hút sự quan tâm của thanh niên Trung Quốc. Một sinh viên bày tỏ: ""Thật tuyệt vời bằng tuổi người ta, tôi hết ngủ trong ký túc xá đến giờ lại hỏi bạn hôm nay ăn gì?"". Sinh viên khác cho hay: ""Đọc xong tin này, tôi quay lại nhìn chính mình và cảm giác thật khó nói"".",,2023-07-19,70,9
