name,description
"Lập trình Python, Quản lý dự án, Phân tích dữ liệu",Kỹ sư phần mềm chuyên nghiệp với hơn 5 năm kinh nghiệm trong lĩnh vực lập trình Python. Thành thạo trong việc quản lý dự án và phân tích dữ liệu để đưa ra các giải pháp tối ưu cho doanh nghiệp.
"Thiết kế đồ họa, Quản lý dự án, Tiếp thị số",Chuyên gia thiết kế đồ họa với kỹ năng vượt trội trong việc sáng tạo các thiết kế đồ họa độc đáo và thu hút. Có kinh nghiệm trong quản lý dự án và tiếp thị số để tạo ra chiến dịch quảng cáo hiệu quả.
"Phân tích kinh doanh, Quản lý sản phẩm, Kỹ năng giao tiếp",Chuyên gia phân tích kinh doanh với khả năng phân tích dữ liệu và đưa ra các chiến lược kinh doanh thông minh. Có kinh nghiệm trong quản lý sản phẩm và giao tiếp hiệu quả với các bên liên quan để đạt được mục tiêu kinh doanh.
"Quản lý nhân sự, Đào tạo và phát triển, Quan hệ công chúng","Chuyên gia quản lý nhân sự với khả năng xây dựng và phát triển đội ngũ nhân viên mạnh mẽ. Có kinh nghiệm trong đào tạo và phát triển nhân tài, cùng với kỹ năng quan hệ công chúng để tạo dựng hình ảnh tích cực cho tổ chức.

"
"Quản lý dự án, Lãnh đạo, Giao tiếp đội nhóm",Kỹ sư phần mềm với khả năng lãnh đạo và quản lý dự án chuyên nghiệp. Có kỹ năng giao tiếp đội nhóm tốt và khả năng làm việc hiệu quả trong môi trường đội nhóm đa văn hóa.
"Marketing trực tuyến, SEO, Quảng cáo truyền thông",Chuyên gia marketing trực tuyến với kỹ năng SEO và quảng cáo truyền thông. Có kinh nghiệm trong việc xây dựng chiến dịch marketing trực tuyến hiệu quả và tối ưu hóa tầm nhìn thương hiệu.
"Phân tích dữ liệu, Mô hình hóa, Machine Learning",Nhà khoa học dữ liệu với kỹ năng phân tích dữ liệu và mô hình hóa. Có hiểu biết sâu về Machine Learning và khảXin lỗi vì đã trích dẫn một phần trả lời trước đó
Lập trình Python ,"Kỹ sư phần mềm có kinh nghiệm trong phát triển ứng dụng web và di động. Thành thạo các ngôn ngữ lập trình như Python, JavaScript và Java. Có khả năng làm việc độc lập và giải quyết vấn đề hiệu quả."
Có 5 năm kinh nghiệm Thiết Kế Đồ Họa,Chuyên gia thiết kế đồ họa với kỹ năng vượt trội trong việc tạo ra các thiết kế sáng tạo và thu hút. Sử dụng thành thạo các công cụ thiết kế như Adobe Photoshop và Illustrator. Có khả năng làm việc nhóm tốt và đáp ứng yêu cầu thời gian.
